source	BG	Bsu	Bmo	Bam	Bli	Bpu	Ban	Bce	Bth	Bwe	Bcl	Bha	Profile11
ids.tab	BG10001	BG10001 	NA	RBAM_037400 	NT03BL4594 	BPUM_3689 	BA_5715 	BC_5463 	NT02BT5453 	BcerKBAB4_5259 	NT03BC4626 	BH4027 	
ids.tab	BG10004	BG10004 	Bmo2734 	RBAM_037470 	NT03BL4604 	BPUM_3697 	BA_0934 BA_5717 	BC_0956 	NT02BT0988 NT02BT5459 	BcerKBAB4_0832 BcerKBAB4_3611 BcerKBAB4_5261 	NT03BC4634 	BH4029 	Y
ids.tab	BG10009	BG10009 	NA	RBAM_037580 	NT03BL4614 	BPUM_3705 	BA_5718 	BC_5471 	NT02BT5460 	BcerKBAB4_5262 	NT03BC4635 	BH4030 	
ids.tab	BG10014	BG10014 	NA	RBAM_037630 	NT03BL4119 	BPUM_2570 BPUM_3708 	BA_2826 BA_5719 	BC_2826 	NT02BT2777 NT02BT5461 	BcerKBAB4_2626 	NT03BC3292 	NA	
ids.tab	BG10047	BG10047 	NA	RBAM_037980 	NA	BPUM_3718 	BA_5721 	BC_5474 	NT02BT5463 	BcerKBAB4_5265 	NT03BC4638 	BH4048 	
ids.tab	BG10048	BG10048 	NA	RBAM_037990 	NT03BL4623 	BPUM_3719 	BA_5722 	BC_5475 	NT02BT5464 	BcerKBAB4_3121 BcerKBAB4_5266 	NT03BC4639 	BH4049 	
ids.tab	BG10049	BG10049 	NA	RBAM_038000 	NT03BL4624 	BPUM_3720 	BA_5723 	BC_5476 	NT02BT5465 	BcerKBAB4_5267 	NT03BC4640 	BH4050 	
ids.tab	BG10063	BG10063 	NA	RBAM_038150 	NT03BL4641 	BPUM_3736 	BA_5737 	BC_5489 	NT02BT5478 	BcerKBAB4_5280 	NT03BC4654 	BH4065 	
ids.tab	BG10064	BG10064 	NA	RBAM_038160 	NA	BPUM_3737 	BA_5738 	BC_5490 	NT02BT5479 	BcerKBAB4_5281 	NT03BC4655 	BH4066 	
ids.tab	BG10065	BG10065 	NA	RBAM_000010 	NT03BL0001 	BPUM_0001 	BA_0001 	BC_0001 	NT02BT0001 	BcerKBAB4_0001 	NT03BC0001 	BH0001 	
ids.tab	BG10066	BG10066 	NA	RBAM_000020 	NT03BL0002 	BPUM_0002 	BA_0002 BA_2684 	BC_0002 BC_2693 	NT02BT0002 NT02BT2649 	BcerKBAB4_0002 BcerKBAB4_2456 	NT03BC0002 	BH0002 	
ids.tab	BG10070	BG10070 	NA	RBAM_000060 	NT03BL0006 	BPUM_0006 	BA_0005 	BC_0005 	NT02BT0005 	BcerKBAB4_0005 	NT03BC0007 	BH0006 	
ids.tab	BG10071	BG10071 	NA	RBAM_000070 	NT03BL0007 NT03BL2195 	BPUM_0007 	BA_0006 	BC_0006 	NT02BT0006 	BcerKBAB4_0006 	NT03BC0008 	BH0007 	
ids.tab	BG10073	BG10073 	Bmo2649 	RBAM_000120 	NT03BL0014 	BPUM_0504 	BA_0008 	BC_0013 	NT02BT0014 	BcerKBAB4_0008 	NT03BC0016 	BH0020 	Y
ids.tab	BG10077	BG10077 	Bmo2646 	RBAM_000160 	NT03BL0018 	BPUM_0197 BPUM_0509 	BA_0012 	BC_0017 BC_0439 	NT02BT0018 	BcerKBAB4_0012 	NT03BC0018 	BH0024 BH2419 	Y
ids.tab	BG10083	BG10083 BG11077 	Bmo2187 Bmo2641 Bmo2710 	RBAM_000250 	NT03BL0031 	BPUM_0516 BPUM_2462 	BA_0019 	BC_0024 BC_0356 	NT02BT0025 NT02BT3909 	BcerKBAB4_0018 	NT03BC0044 	BH0034 	Y
ids.tab	BG10092	BG10092 	Bmo2631 	RBAM_000370 	NT03BL0044 	BPUM_0012 	BA_0027 	BC_0036 	NT02BT0038 	BcerKBAB4_0025 	NT03BC0062 	BH0042 	Y
ids.tab	BG10095	BG10095 	Bmo2628 	RBAM_000400 	NT03BL0030 NT03BL0047 	BPUM_0015 	BA_0028 	BC_0037 	NT02BT0039 	BcerKBAB4_0026 	NT03BC0064 	BH0044 	Y
ids.tab	BG10101	BG10101 	Bmo2621 	RBAM_000470 	NT03BL0054 	BPUM_0022 	BA_0036 	BC_0043 	NT02BT0046 	BcerKBAB4_0033 	NT03BC0073 	BH0053 	Y
ids.tab	BG10109	BG10109 	Bmo2614 	RBAM_000550 	NT03BL0062 	BPUM_0030 BPUM_2886 	BA_0043 	BC_0050 	NT02BT0053 	BcerKBAB4_0040 	NT03BC0088 	BH0061 	Y
ids.tab	BG10113	BG10113 BG11199 	Bmo2610 	RBAM_000590 	NT03BL0065 NT03BL1359 	BPUM_0034 	BA_0048 BA_5122 	BC_0054 	NT02BT0057 NT02BT4864 NT02BT5247 	BcerKBAB4_0044 	NT03BC0094 	BH0065 BH3717 	Y
ids.tab	BG10114	BG10114 	NA	RBAM_000600 	NT03BL0066 	BPUM_0035 	BA_0049 	BC_0055 	NT02BT0058 	BcerKBAB4_0045 	NT03BC0095 NT03BC1190 	BH0066 	
ids.tab	BG10116	BG10116 	Bmo2608 	RBAM_000620 	NT03BL0068 	BPUM_0037 	BA_0050 	BC_0056 	NT02BT0059 	BcerKBAB4_0046 	NT03BC0097 	BH0068 	Y
ids.tab	BG10125	BG10125 	Bmo2600 	RBAM_000710 	NT03BL0078 	BPUM_0046 	BA_0059 BA_2853 	BC_0065 	NT02BT0068 NT02BT2804 	BcerKBAB4_0055 BcerKBAB4_2364 BcerKBAB4_2654 	NT03BC0115 	BH0076 	Y
ids.tab	BG10130	BG10130 	Bmo2595 	RBAM_000780 	NT03BL0085 	BPUM_0051 	BA_0062 	BC_0070 	NT02BT0073 	BcerKBAB4_0058 	NT03BC0123 	BH0083 	Y
ids.tab	BG10131	BG10131 	Bmo2594 	RBAM_000790 	NT03BL0086 	BPUM_0052 	BA_0063 	BC_0071 	NT02BT0074 	BcerKBAB4_0059 	NT03BC0124 	BH0084 	Y
ids.tab	BG10144	BG10144 	Bmo2579 	RBAM_000920 	NT03BL0100 	BPUM_0066 	BA_0076 BA_4632 BA_4802 	BC_0084 BC_4397 BC_4559 	NT02BT0087 NT02BT4395 NT02BT4554 	BcerKBAB4_0072 BcerKBAB4_4249 BcerKBAB4_4390 	NT03BC0136 NT03BC1811 	BH0098 	Y
ids.tab	BG10152	BG10152 BG10617 	Bmo696 	RBAM_001150 RBAM_035090 	NT03BL0112 	BPUM_0075 	BA_0084 	BC_0106 	NT02BT0112 	BcerKBAB4_0080 	NT03BC0162 	BH0107 	Y
ids.tab	BG10153	BG10153 	NA	RBAM_001160 	NT03BL0113 	BPUM_0076 	BA_0085 	BC_0107 	NT02BT0113 	BcerKBAB4_0081 	NT03BC0163 	BH0108 	
ids.tab	BG10154	BG10154 	NA	RBAM_001170 	NT03BL0114 	BPUM_0077 	BA_0086 	BC_0108 	NT02BT0114 	BcerKBAB4_0082 	NT03BC0164 NT03BC0319 	BH0109 	
ids.tab	BG10156	BG10156 	NA	RBAM_001190 	NT03BL0116 	BPUM_0079 	BA_0089 BA_4690 	BC_0110 	NT02BT0116 NT02BT4450 	BcerKBAB4_0084 	NT03BC0166 	BH0111 	
ids.tab	BG10160	BG10160 	NA	RBAM_001240 	NA	BPUM_0084 	BA_0094 	NA	NA	BcerKBAB4_0089 	NA	BH0116 	
ids.tab	BG10161	BG10161 	NA	RBAM_001250 	NT03BL0121 	BPUM_0085 	BA_0095 	BC_0115 	NT02BT0121 	BcerKBAB4_0090 	NT03BC0171 	BH0117 	
ids.tab	BG10164	BG10164 	NA	RBAM_001280 	NT03BL0124 	BPUM_0088 	BA_0098 	BC_0118 	NT02BT0124 	BcerKBAB4_0093 	NT03BC0175 	BH0120 	
ids.tab	BG10207	BG10207 	Bmo2354 	RBAM_014420 RBAM_017690 	NT03BL1759 	BPUM_1355 	BA_4184 	BC_3973 	NT02BT3957 	BcerKBAB4_3799 	NT03BC2749 	BH2655 	Y
ids.tab	BG10220	BG10220 	NA	RBAM_015010 	NT03BL1822 	BPUM_1408 	BA_4056 	BC_3917 	NT02BT3900 	BcerKBAB4_3744 	NT03BC2688 	BH2574 	
ids.tab	BG10221	BG10221 	Bmo2406 	RBAM_015020 	NT03BL1823 	BPUM_1409 	BA_4055 	BC_3916 	NT02BT3899 	BcerKBAB4_3743 	NT03BC2687 	BH2573 	Y
ids.tab	BG10223	BG10223 	Bmo2408 	RBAM_015040 	NT03BL1826 	BPUM_1411 	BA_4053 BA_4689 	BC_0258 BC_3914 	NT02BT2557 NT02BT3897 NT02BT4449 	BcerKBAB4_3741 BcerKBAB4_4302 	NT03BC2685 	BH2571 	Y
ids.tab	BG10224	BG10224 BG12641 	Bmo2409 Bmo2482 	RBAM_015050 	NT03BL1827 	BPUM_1412 	BA_4052 	BC_3913 	NT02BT3896 	BcerKBAB4_3740 	NT03BC2683 	BH2568 	Y
ids.tab	BG10225	BG10225 	Bmo2410 	RBAM_015060 	NT03BL1828 	BPUM_1413 	BA_4051 BA_4938 	BC_3912 	NT02BT2170 NT02BT3895 NT02BT4684 	BcerKBAB4_3739 	NT03BC2682 	BH2567 	Y
ids.tab	BG10227	BG10227 BG13259 	Bmo2228 	RBAM_015080 	NT03BL1830 	BPUM_1415 	BA_4049 	BC_3910 	NT02BT3893 	BcerKBAB4_3737 	NT03BC0103 	BH1957 BH2565 	Y
ids.tab	BG10228	BG10228 	Bmo2413 	RBAM_015090 	NT03BL1831 	BPUM_1416 	BA_4048 	BC_3909 	NT02BT3892 	BcerKBAB4_3736 	NT03BC4487 	BH2564 	Y
ids.tab	BG10229	BG10229 	Bmo2414 	RBAM_015100 	NT03BL1832 	BPUM_1417 	BA_4047 	BC_3908 	NT02BT3891 	BcerKBAB4_3735 	NT03BC2679 	BH2563 	Y
ids.tab	BG10231	BG10231 	Bmo2418 	RBAM_015110 	NT03BL1836 NT03BL4114 	BPUM_1421 	BA_4046 	BC_3907 	NT02BT3890 NT02BT5261 	BcerKBAB4_3734 BcerKBAB4_5077 	NT03BC2678 	BH2559 BH3031 	Y
ids.tab	BG10232	BG10232 	Bmo2419 	RBAM_015120 	NT03BL1837 NT03BL2022 NT03BL2207 	BPUM_0057 BPUM_1422 	BA_0675 BA_4045 	BC_0668 BC_1014 BC_1725 BC_3906 	NT02BT0696 NT02BT3889 	BcerKBAB4_0589 BcerKBAB4_3733 	NT03BC0856 NT03BC2677 	BH2558 BH3271 	Y
ids.tab	BG10263	BG10263 	Bmo3341 	RBAM_016420 	NT03BL1971 	BPUM_1557 	BA_3955 	BC_3816 	NT02BT3800 	BcerKBAB4_3640 	NT03BC2553 	BH2418 	Y
ids.tab	BG10265	BG10265 	Bmo3339 	RBAM_016440 	NT03BL0079 NT03BL1978 	BPUM_1563 	BA_3953 	BC_3814 	NT02BT1532 NT02BT3798 	BcerKBAB4_1421 BcerKBAB4_3638 	NT03BC2551 	BH2416 BH3347 	Y
ids.tab	BG10268	BG10268 	Bmo2681 Bmo3337 	RBAM_016470 	NT03BL1981 	BPUM_1566 BPUM_3733 	BA_3950 	BC_3811 	NT02BT3795 	BcerKBAB4_3635 	NT03BC2548 	BH2413 	Y
ids.tab	BG10273	BG10273 	Bmo2994 	RBAM_019120 	NT03BL2382 	BPUM_1861 	BA_1269 	BC_1251 	NT02BT1301 	BcerKBAB4_1165 	NT03BC2420 	BH2205 	Y
ids.tab	BG10276	BG10276 BG13625 	Bmo2840 	RBAM_020950 	NT03BL2563 	BPUM_2010 	BA_1531 BA_2377 BA_3858 	BC_1510 BC_2313 BC_3728 	NT02BT1544 NT02BT2327 NT02BT3716 	BcerKBAB4_1434 BcerKBAB4_2184 BcerKBAB4_3494 	NT03BC1875 NT03BC3308 	BH1309 BH3356 	Y
ids.tab	BG10279	BG10279 	Bmo2843 	RBAM_020920 	NT03BL2560 	BPUM_2007 	BA_1533 	BC_1512 	NT02BT1546 	BcerKBAB4_1436 	NT03BC2162 	BH1648 	Y
ids.tab	BG10280	BG10280 	Bmo2844 	RBAM_020910 	NT03BL2410 NT03BL2559 	BPUM_2006 	BA_1534 	BC_1513 	NT02BT1547 	BcerKBAB4_1437 	NT03BC2163 	BH1649 	Y
ids.tab	BG10281	BG10281 	Bmo101 Bmo2845 	RBAM_020900 	NT03BL2558 	BPUM_2005 BPUM_2840 	BA_1535 	BC_1514 	NT02BT1548 	BcerKBAB4_1438 	NT03BC2166 	BH1653 	Y
ids.tab	BG10313	BG10313 	Bmo1147 	RBAM_023520 	NT03BL2879 	BPUM_2254 	BA_4516 	BC_4290 	NT02BT4288 	BcerKBAB4_4145 	NT03BC1943 	BH1375 	Y
ids.tab	BG10314	BG10314 	Bmo1148 	RBAM_023510 	NT03BL2877 	BPUM_2253 	BA_4515 	BC_4289 	NT02BT4287 	BcerKBAB4_4144 	NT03BC1944 	BH1376 	Y
ids.tab	BG10321	BG10321 	NA	RBAM_015260 RBAM_025140 	NT03BL3122 	BPUM_1442 BPUM_1833 BPUM_2449 BPUM_2628 	BA_4690 BA_4991 BA_5278 	BC_4465 BC_4737 	NT02BT4450 NT02BT5041 	BcerKBAB4_4303 BcerKBAB4_4570 	NT03BC0073 NT03BC2984 	BH1785 BH3038 	
ids.tab	BG10326	BG10326 	Bmo2692 	RBAM_015110 RBAM_025080 	NT03BL3115 	BPUM_2443 	BA_4684 	BC_4446 	NT02BT4445 	BcerKBAB4_4298 BcerKBAB4_4387 	NT03BC2976 	BH3031 	Y
ids.tab	BG10327	BG10327 	Bmo2691 	RBAM_025070 	NT03BL3114 	BPUM_2442 	BA_4683 	BC_4445 	NT02BT4444 	BcerKBAB4_4297 	NT03BC2975 	BH3030 	Y
ids.tab	BG10333	BG10333 	NA	RBAM_025010 	NT03BL3106 	BPUM_2436 	BA_4676 	BC_4438 	NT02BT4437 	BcerKBAB4_4290 	NT03BC2964 	BH3011 	
ids.tab	BG10335	BG10335 	NA	RBAM_024990 	NA	BPUM_2434 	BA_4674 	BC_4436 	NT02BT4435 	BcerKBAB4_4288 	NT03BC2962 	BH3009 	
ids.tab	BG10337	BG10337 	Bmo2681 	RBAM_024970 	NT03BL3102 	BPUM_2432 	BA_4672 BA_5724 	BC_4434 BC_5477 	NT02BT4433 NT02BT5466 	BcerKBAB4_4286 BcerKBAB4_5268 	NT03BC1771 	BH1213 	Y
ids.tab	BG10339	BG10339 	Bmo2708 	RBAM_025250 	NT03BL2888 NT03BL3133 	BPUM_2015 BPUM_2460 	BA_4672 BA_4701 	BC_4434 BC_4476 	NT02BT4433 NT02BT4461 	BcerKBAB4_1428 BcerKBAB4_4314 	NT03BC2997 	BH3049 	Y
ids.tab	BG10348	BG10348 BG13903 	Bmo707 	RBAM_025560 RBAM_026950 	NT03BL3184 NT03BL3665 	BPUM_2507 	BA_4758 BA_4945 	BC_4521 BC_4691 	NT02BT4517 NT02BT4690 	BcerKBAB4_0671 BcerKBAB4_4349 	NT03BC3038 NT03BC3153 	BH1715 BH3098 	Y
ids.tab	BG10358	BG10358 	Bmo754 	RBAM_026030 	NT03BL3237 	BPUM_2543 	BA_4823 	BC_4580 	NT02BT4572 	BcerKBAB4_4410 	NT03BC3074 	BH3145 	Y
ids.tab	BG10359	BG10359 BG10996 BG11264 	Bmo753 	RBAM_026020 	NT03BL1526 NT03BL3236 	BPUM_2542 	BA_3818 BA_4822 	BC_4579 	NT02BT4571 	BcerKBAB4_4409 	NT03BC3073 	BH3144 BH4000 	Y
ids.tab	BG10371	BG10371 	Bmo810 	RBAM_026790 	NT03BL3305 	BPUM_2615 	BA_4911 BA_5314 	BC_4657 BC_5062 	NT02BT4656 NT02BT5071 	BcerKBAB4_3081 BcerKBAB4_4488 BcerKBAB4_4898 	NT03BC0332 	NA	
ids.tab	BG10372	BG10372 	Bmo809 	RBAM_026590 	NT03BL3299 	BPUM_2610 	BA_4908 	BC_4655 	NT02BT4653 	BcerKBAB4_4485 	NT03BC3137 	BH3209 	Y
ids.tab	BG10403	BG10403 	Bmo471 	RBAM_032810 	NT03BL4045 NT03BL4055 	BPUM_3218 	BA_5433 	BC_5201 	NT02BT5176 	BcerKBAB4_4993 	NA	NA	
ids.tab	BG10410	BG10410 BG13776 	Bmo1322 Bmo631 	RBAM_034310 	NT03BL4204 	BPUM_3360 	BA_5583 	BC_5338 	NT02BT5324 	BcerKBAB4_5136 	NT03BC4392 	BH2896 BH3792 	Y
ids.tab	BG10412	BG10412 	NA	RBAM_034280 	NT03BL4201 	BPUM_3357 	BA_5580 	BC_5335 	NT02BT5321 	BcerKBAB4_5133 	NT03BC4388 	BH3786 	
ids.tab	BG10417	BG10417 BG13862 	Bmo623 	RBAM_027710 RBAM_034230 	NT03BL3404 NT03BL4196 	BPUM_2709 BPUM_3350 	BA_5574 	BC_5331 	NT02BT5316 	BcerKBAB4_5129 	NT03BC4383 	BH3780 	Y
ids.tab	BG10422	BG10422 	Bmo30 	RBAM_006470 	NT03BL0653 	BPUM_0534 	BA_0266 	BC_0294 	NT02BT0303 	BcerKBAB4_0245 	NT03BC1019 	BH0561 	Y
ids.tab	BG10423	BG10241 BG10409 BG10423 	Bmo1295 Bmo29 Bmo2994 Bmo3171 Bmo607 Bmo77 	RBAM_006480 RBAM_008120 RBAM_016050 	NT03BL0654 NT03BL0860 NT03BL4206 	BPUM_0535 BPUM_0737 BPUM_1392 BPUM_2752 BPUM_2806 	BA_0267 BA_1472 BA_2171 BA_3904 BA_4540 BA_4553 	BC_0295 BC_1454 BC_1893 BC_2155 	NT02BT0304 NT02BT1488 NT02BT2160 NT02BT4309 NT02BT4321 	BcerKBAB4_0246 BcerKBAB4_0388 BcerKBAB4_1377 BcerKBAB4_4178 BcerKBAB4_4318 BcerKBAB4_4520 	NT03BC0676 NT03BC1020 NT03BC1051 NT03BC1894 NT03BC3218 	BH0562 BH1001 BH1276 BH1362 BH2014 BH3529 	Y
ids.tab	BG10442	BG10442 	NA	RBAM_001580 	NT03BL0146 	BPUM_0119 	BA_0127 	BC_0148 	NT02BT0153 	BcerKBAB4_0122 	NT03BC0204 	BH0151 	
ids.tab	BG10443	BG10443 	NA	RBAM_001590 	NT03BL0147 	BPUM_0120 	BA_0128 	BC_0149 	NT02BT0154 	BcerKBAB4_0123 	NT03BC0205 	BH0152 	
ids.tab	BG10444	BG10444 	NA	RBAM_001600 	NA	BPUM_0121 	BA_0129 	BC_0150 	NT02BT0155 	BcerKBAB4_0124 	NT03BC0206 	BH0153 	
ids.tab	BG10445	BG10445 	NA	RBAM_001610 	NT03BL0148 	BPUM_0122 	BA_0130 	BC_2740 	NT02BT0156 	BcerKBAB4_0125 	NT03BC0207 	BH0154 	
ids.tab	BG10446	BG10446 	NA	RBAM_001620 	NT03BL0149 	BPUM_0123 	BA_0131 	BC_0152 	NT02BT0157 	BcerKBAB4_0126 	NT03BC0208 	BH0155 	
ids.tab	BG10447	BG10447 	Bmo1687 	RBAM_001630 RBAM_013630 	NT03BL0150 	BPUM_0124 	BA_0132 	BC_0153 	NT02BT0158 	BcerKBAB4_0127 	NT03BC0209 NT03BC3109 NT03BC4462 	BH0156 	Y
ids.tab	BG10449	BG10449 BG13361 	Bmo483 	RBAM_014880 RBAM_032870 	NT03BL1810 NT03BL4053 	BPUM_1395 BPUM_3230 	BA_4139 	BC_3929 	NT02BT3911 	BcerKBAB4_3756 	NT03BC2701 NT03BC3514 	BH2589 	Y
ids.tab	BG10450	BG10450 	Bmo484 	RBAM_032880 	NT03BL4054 	BPUM_3231 	BA_5669 	BC_5419 	NT02BT5406 	BcerKBAB4_5213 	NA	NA	
ids.tab	BG10464	BG10464 	Bmo1892 	RBAM_010190 RBAM_034630 	NT03BL1139 	BPUM_0938 	BA_1041 BA_2648 	BC_1043 	NT02BT1105 NT02BT3049 	BcerKBAB4_0957 	NT03BC1750 	BH1177 	Y
ids.tab	BG10524	BG10524 	Bmo1652 	RBAM_021360 	NT03BL2621 	BPUM_2055 	BA_3366 BA_3367 BA_4278 	BC_4058 	NT02BT0693 NT02BT3752 NT02BT4045 	BcerKBAB4_3887 	NT03BC2085 NT03BC2806 	BH1560 	Y
ids.tab	BG10525	BG10525 	Bmo1653 	RBAM_021350 	NT03BL2620 	BPUM_2054 	BA_4276 	BC_4057 	NT02BT4044 	BcerKBAB4_3886 	NT03BC2086 	BH1561 	Y
ids.tab	BG10531	BG10531 BG13306 	NA	RBAM_021290 	NT03BL2614 	BPUM_2048 	BA_1494 	BC_1473 	NT02BT1508 	BcerKBAB4_1396 	NT03BC2103 	BH1577 	
ids.tab	BG10532	BG10532 	Bmo1658 	RBAM_021280 	NT03BL2613 	BPUM_2047 	BA_1495 	BC_1474 	NT02BT1509 	BcerKBAB4_1397 	NT03BC2104 	BH1578 	Y
ids.tab	BG10533	BG10533 	Bmo1659 	RBAM_021270 	NT03BL2612 	BPUM_2046 	BA_1496 	BC_1476 	NT02BT1510 NT02BT4457 	BcerKBAB4_1398 	NT03BC2105 	BH1579 	Y
ids.tab	BG10552	BG10552 	NA	RBAM_035690 	NT03BL3416 	BPUM_2720 	BA_3186 	BC_3149 	NT02BT3166 	BcerKBAB4_2914 	NA	NA	
ids.tab	BG10676	BG10676 	Bmo873 	RBAM_027250 	NT03BL3364 	BPUM_2669 	BA_4991 	BC_4737 	NT02BT4738 	BcerKBAB4_4570 	NT03BC3256 	BH3281 	Y
ids.tab	BG10683	BG10683 	Bmo920 	RBAM_027800 	NT03BL3413 	BPUM_2718 	BA_0866 BA_5111 	BC_0883 BC_4855 	NT02BT0907 NT02BT4853 	BcerKBAB4_4697 	NA	NA	
ids.tab	BG10686	BG10686 BG10927 	NA	RBAM_027780 	NT03BL3411 	BPUM_2716 	BA_5109 	BC_4853 	NT02BT4851 	BcerKBAB4_4695 	NA	NA	
ids.tab	BG10687	BG10687 BG13057 	Bmo3141 	RBAM_027770 	NT03BL3410 	BPUM_2513 BPUM_2715 	BA_5108 	BC_4851 	NT02BT4850 	BcerKBAB4_4694 	NA	NA	
ids.tab	BG10694	BG10694 	NA	RBAM_003360 	NT03BL0373 NT03BL0720 	BPUM_0289 	BA_1998 	BC_0296 BC_1994 	NT02BT1994 	BcerKBAB4_1861 	NT03BC2461 	BH2285 	
ids.tab	BG10725-BG10451	BG10451 BG10609 BG10725 BG11192 BG11213 	Bmo481 Bmo485 	RBAM_032850 RBAM_032890 	NT03BL4052 NT03BL4055 	BPUM_3225 BPUM_3228 BPUM_3232 	NA	NA	NA	BcerKBAB4_1114 	NT03BC3516 	NA	
ids.tab	BG10726	BG10726 	NA	RBAM_001300 	NT03BL0126 	BPUM_0090 	BA_0100 	BC_0120 	NT02BT0126 	BcerKBAB4_0095 	NT03BC0177 	BH0122 	
ids.tab	BG10728	BG10728 	NA	RBAM_001320 	NT03BL0128 	BPUM_0093 	BA_0102 	BC_0122 	NT02BT0128 	BcerKBAB4_0097 	NT03BC0179 	BH0126 	
ids.tab	BG10729	BG10729 	NA	RBAM_001330 	NT03BL0129 	BPUM_0094 	BA_0103 	BC_0123 	NT02BT0129 	BcerKBAB4_0098 	NT03BC0180 	BH0127 	
ids.tab	BG10730	BG10730 	NA	RBAM_001660 	NA	BPUM_0128 	BA_0135 	BC_0156 	NT02BT0161 	BcerKBAB4_0130 	NT03BC0211 	BH0160 	
ids.tab	BG10731	BG10731 	NA	RBAM_001670 	NA	BPUM_0129 	BA_0136 	BC_0157 	NT02BT0162 	BcerKBAB4_0131 	NT03BC0212 	BH0161 	
ids.tab	BG10732	BG10732 	NA	RBAM_001680 	NT03BL0152 	BPUM_0130 	BA_0137 BA_1143 	BC_0158 BC_1139 	NT02BT0163 NT02BT1185 	BcerKBAB4_0132 BcerKBAB4_1042 	NT03BC0213 	BH0162 	
ids.tab	BG10741	BG10741 	Bmo2769 Bmo437 	RBAM_032450 	NT03BL4007 	BPUM_3178 	BA_5421 	BC_5189 	NT02BT5165 	BcerKBAB4_4982 	NT03BC3479 	BH3606 	Y
ids.tab	BG10742	BG10742 	Bmo436 	RBAM_032440 	NT03BL4006 	BPUM_3177 	BA_5420 	BC_5188 	NT02BT5163 	BcerKBAB4_4980 	NT03BC3476 	BH3605 	Y
ids.tab	BG10755	BG10755 	NA	RBAM_001480 	NA	BPUM_0109 	BA_0117 	BC_0138 	NT02BT0143 	BcerKBAB4_0112 	NT03BC0194 	BH0141 	
ids.tab	BG10756	BG10756 	NA	RBAM_001490 	NT03BL0139 	BPUM_0110 	BA_0118 	BC_0139 	NT02BT0144 	BcerKBAB4_0113 	NT03BC0195 	BH0142 	
ids.tab	BG10757	BG10757 	NA	RBAM_001500 	NT03BL0140 	BPUM_0111 	BA_0119 	BC_0140 	NT02BT0145 	BcerKBAB4_0114 	NT03BC0196 	BH0143 	
ids.tab	BG10758	BG10758 	NA	RBAM_001510 	NA	BPUM_0112 	BA_0120 	BC_0141 	NT02BT0146 	BcerKBAB4_0115 	NT03BC0197 	BH0144 	
ids.tab	BG10759	BG10759 	NA	RBAM_001520 	NT03BL0141 	BPUM_0113 	BA_0121 	BC_0142 	NT02BT0147 	BcerKBAB4_0116 	NT03BC0198 	BH0145 	
ids.tab	BG10760	BG10760 	NA	RBAM_001530 	NT03BL0142 	BPUM_0114 	BA_0122 	BC_0143 	NT02BT0148 	BcerKBAB4_0117 	NT03BC0199 	BH0146 	
ids.tab	BG10761	BG10761 BG13085 	NA	RBAM_001540 RBAM_009150 	NT03BL1003 NT03BL2359 	BPUM_0115 BPUM_3312 	BA_0123 	BC_0144 	NT02BT0149 	BcerKBAB4_0118 	NT03BC0200 NT03BC4538 	BH0147 	
ids.tab	BG10762	BG10762 	NA	RBAM_001550 	NT03BL0143 	BPUM_0116 	BA_0124 	BC_0145 	NT02BT0150 	BcerKBAB4_0119 	NT03BC0201 	BH0148 	
ids.tab	BG10777	BG10777 	NA	RBAM_015650 	NA	BPUM_1481 	BA_3996 	BC_3856 	NT02BT3840 	BcerKBAB4_3681 	NA	BH2500 	
ids.tab	BG10783	BG10783 	Bmo3325 	RBAM_016590 	NT03BL1992 	BPUM_1579 	BA_3937 	BC_3799 	NT02BT3784 	BcerKBAB4_3570 	NT03BC2536 	BH2401 	Y
ids.tab	BG10785	BG10785 BG11158 	Bmo2791 Bmo3323 Bmo938 	RBAM_005640 RBAM_016610 	NT03BL0282 NT03BL1994 NT03BL3935 	BPUM_0291 BPUM_1581 BPUM_2978 	BA_2832 BA_3935 	BC_2833 BC_3797 	NT02BT2784 NT02BT3782 	BcerKBAB4_2635 BcerKBAB4_3568 	NT03BC0264 NT03BC0546 NT03BC2534 NT03BC3415 NT03BC4077 	BH2399 	Y
ids.tab	BG10795	BG10795 	NA	RBAM_019960 	NT03BL2452 	BPUM_1915 	BA_2237 	BC_2192 	NT02BT2193 	BcerKBAB4_2062 	NT03BC3347 	BH3450 	
ids.tab	BG10799	BG10799 	Bmo2020 	RBAM_011420 	NT03BL1303 	BPUM_1068 	BA_1188 	BC_3340 	NT02BT1225 NT02BT3366 	BcerKBAB4_1087 	NT03BC2888 	BH2200 BH2870 	Y
ids.tab	BG10830	BG10830 	Bmo1271 	RBAM_015810 	NT03BL1911 	BPUM_1496 	BA_3983 	BC_3843 BC_3956 	NT02BT3827 	BcerKBAB4_3668 	NT03BC2619 NT03BC2728 	BH2413 BH2484 	Y
ids.tab	BG10831	BG10831 	Bmo1272 	RBAM_015820 	NT03BL1912 	BPUM_1497 	BA_3982 	BC_3842 	NT02BT3826 	BcerKBAB4_3667 	NT03BC2618 	BH2483 	Y
ids.tab	BG10874	BG10874 	Bmo722 	RBAM_025710 	NT03BL3203 	BPUM_2522 	BA_4804 	BC_4561 	NT02BT4556 	BcerKBAB4_4392 	NT03BC3050 	BH3111 	Y
ids.tab	BG10875	BG10875 BG13905 	Bmo721 	RBAM_025700 RBAM_026930 	NT03BL3202 	BPUM_2521 	BA_4803 BA_4943 	BC_4560 	NT02BT4555 NT02BT4688 	BcerKBAB4_4391 BcerKBAB4_4523 	NT03BC3049 NT03BC3151 	BH2545 BH3110 	Y
ids.tab	BG10897	BG10897 	Bmo307 	RBAM_031280 	NT03BL3896 	BPUM_3055 	BA_5366 	NA	NT02BT5111 	BcerKBAB4_4929 	NT03BC3420 	BH3558 	
ids.tab	BG10898	BG10898 	Bmo306 	RBAM_031270 	NT03BL3895 	BPUM_3054 	BA_5365 	BC_5136 	NT02BT5110 	BcerKBAB4_4928 	NT03BC3419 	BH1530 BH3557 	Y
ids.tab	BG10899	BG10899 	Bmo305 	RBAM_031260 	NT03BL3894 	BPUM_3053 	BA_5364 	BC_5135 	NT02BT5109 	BcerKBAB4_4927 	NT03BC3418 	BH3556 	Y
ids.tab	BG10939	BG10939 	NA	RBAM_034110 	NT03BL4179 	BPUM_3340 	BA_5568 	BC_5325 	NT02BT5310 	BcerKBAB4_5123 	NT03BC4375 	BH3771 	
ids.tab	BG10944	BG10944 	Bmo611 	RBAM_034060 	NT03BL4174 	BPUM_3335 	BA_0620 BA_5558 	BC_5316 	NT02BT5299 	BcerKBAB4_5114 	NT03BC4368 	BH3765 	Y
ids.tab	BG10948	BG10948 	NA	RBAM_002320 	NT03BL0193 NT03BL3383 	BPUM_0165 	BA_0159 	BC_0190 	NT02BT0196 	BcerKBAB4_0152 	NT03BC0297 	BH0268 	
ids.tab	BG10950	BG10950 	Bmo1420 	RBAM_004980 RBAM_022540 	NT03BL0574 NT03BL2947 	BPUM_0437 BPUM_1146 	BA_0252 	BC_0264 	NT02BT0273 	BcerKBAB4_0230 	NT03BC0919 	BH0520 	Y
ids.tab	BG10957	BG10957 	Bmo2881 	RBAM_020500 	NT03BL2511 	BPUM_1967 	BA_1569 	BC_1547 	NT02BT1580 	BcerKBAB4_1471 	NT03BC2358 	BH1697 	Y
ids.tab	BG10958-BG12572	BG10958 BG12572 	Bmo1002 Bmo2579 Bmo2880 	RBAM_000920 RBAM_020510 RBAM_024660 	NT03BL0100 NT03BL2512 NT03BL3060 	BPUM_1968 BPUM_2396 	BA_2186 BA_4632 BA_4802 	BC_2169 BC_4397 BC_4559 	NT02BT2171 NT02BT4395 NT02BT4554 	BcerKBAB4_2021 BcerKBAB4_4249 BcerKBAB4_4390 	NT03BC1811 NT03BC2359 	BH1252 BH1696 	Y
ids.tab	BG10973	BG10973 	Bmo825 	RBAM_026910 	NT03BL3318 	BPUM_2626 	BA_4938 	BC_4684 	NT02BT4684 	BcerKBAB4_4518 	NT03BC3148 	BH3248 	Y
ids.tab	BG11004	BG11004 	Bmo2830 	RBAM_021040 	NT03BL2579 	BPUM_2022 	BA_1518 	BC_1497 	NT02BT1531 	BcerKBAB4_1420 	NT03BC2148 	BH1634 	Y
ids.tab	BG11007	BG11007 BG11979 	Bmo1286 Bmo1456 	RBAM_004480 RBAM_015950 	NT03BL0528 NT03BL1924 	BPUM_0400 BPUM_1510 	BA_0375 BA_3971 	BC_0417 BC_3831 	NT02BT0434 NT02BT1749 NT02BT3815 	BcerKBAB4_0356 BcerKBAB4_3656 	NT03BC2601 NT03BC4466 	BH2467 	Y
ids.tab	BG11041	BG11041 	NA	RBAM_001690 	NT03BL0153 	BPUM_0131 	BA_0138 	BC_0159 	NT02BT0164 	BcerKBAB4_0133 	NT03BC0214 	BH0163 	
ids.tab	BG11042	BG11042 	NA	RBAM_001650 	NT03BL0151 	BPUM_0127 	BA_0134 	BC_0155 	NT02BT0160 	BcerKBAB4_0129 	NA	BH0159 	
ids.tab	BG11043	BG11043 	NA	RBAM_001640 	NA	BPUM_0126 	BA_0133 	BC_0154 	NT02BT0159 	BcerKBAB4_0128 	NT03BC0210 	BH0158 	
ids.tab	BG11056	BG11056 BG13344 	Bmo2371 	RBAM_001380 	NT03BL0133 	BPUM_0099 	BA_0108 	BC_0129 	NT02BT0134 	BcerKBAB4_0103 	NT03BC0185 	BH0132 	Y
ids.tab	BG11062	BG11062 	NA	RBAM_031290 	NT03BL3897 	BPUM_3056 	BA_5367 	NA	NT02BT5112 	BcerKBAB4_4930 	NT03BC3421 	BH3559 	
ids.tab	BG11078	BG11078 	NA	RBAM_001460 	NA	BPUM_0107 	BA_0115 	BC_0136 	NT02BT0141 	BcerKBAB4_0110 	NT03BC0192 	BH0139 	
ids.tab	BG11188	BG11188 	Bmo1138 	RBAM_023590 	NT03BL2888 	BPUM_2262 	BA_4524 	BC_4297 	NT02BT4294 	BcerKBAB4_4151 	NT03BC1932 	BH1367 	Y
ids.tab	BG11191	BG11191 	Bmo479 	RBAM_032830 	NT03BL4049 	BPUM_3220 	BA_5510 	NA	NA	NA	NT03BC3803 	BH3659 	
ids.tab	BG11206	BG11206 	Bmo2872 	RBAM_020590 	NT03BL2522 	BPUM_1975 BPUM_2499 	BA_1560 	BC_1537 	NT02BT1571 	BcerKBAB4_1463 	NT03BC2369 	BH1685 	Y
ids.tab	BG11207	BG11207 	Bmo2867 	RBAM_020640 	NT03BL2527 	BPUM_1980 	BA_1555 	BC_1532 	NT02BT1566 	BcerKBAB4_1458 	NT03BC2195 	BH1680 	Y
ids.tab	BG11208	BG11208 	Bmo2871 	RBAM_020600 	NT03BL2523 	BPUM_1976 	BA_1559 	BC_1536 	NT02BT1570 	BcerKBAB4_1462 	NT03BC2370 	BH1684 BH2881 	Y
ids.tab	BG11217	BG11217 	NA	RBAM_001440 	NT03BL0137 	BPUM_0105 	BA_0113 	BC_0134 	NT02BT0139 	BcerKBAB4_0108 	NT03BC0190 	BH0137 	
ids.tab	BG11218	BG11218 	NA	RBAM_001410 	NT03BL0134 	BPUM_0102 	BA_0110 	BC_0131 	NT02BT0136 	BcerKBAB4_0105 	NT03BC0187 	BH0134 	
ids.tab	BG11219	BG11219 	NA	RBAM_001420 	NT03BL0135 	BPUM_0103 	BA_0111 	BC_0132 	NT02BT0137 	BcerKBAB4_0106 	NT03BC0188 	BH0135 	
ids.tab	BG11220	BG11220 	NA	RBAM_001290 	NT03BL0125 	BPUM_0089 	BA_0099 	BC_0119 	NT02BT0125 	BcerKBAB4_0094 	NT03BC0176 	BH0121 	
ids.tab	BG11221	BG11221 	NA	RBAM_001430 	NT03BL0136 	BPUM_0104 	BA_0112 	BC_0133 	NT02BT0138 	BcerKBAB4_0107 	NT03BC0189 	BH0136 	
ids.tab	BG11244	BG11244 	Bmo617 	RBAM_034170 	NT03BL4190 	BPUM_3345 	BA_5572 	BC_5329 	NT02BT5314 	BcerKBAB4_5127 	NT03BC4379 	BH3775 	Y
ids.tab	BG11247	BG11247 	Bmo3194 	RBAM_017690 	NT03BL2138 	BPUM_1690 	BA_3744 	BC_3682 	NT02BT3678 	BcerKBAB4_3369 	NT03BC2478 NT03BC3168 	BH2352 	Y
ids.tab	BG11341	BG11341 	Bmo651 	RBAM_034480 	NT03BL4215 	BPUM_3383 	BA_2175 BA_5611 	BC_5364 	NT02BT2164 NT02BT5348 	BcerKBAB4_2010 BcerKBAB4_5158 	NT03BC2613 NT03BC4401 	BH3808 	Y
ids.tab	BG11366	BG11366 	Bmo2837 	RBAM_020990 	NT03BL2570 	BPUM_2014 	BA_0197 BA_1526 	BC_1505 	NT02BT1539 	BcerKBAB4_1429 	NT03BC2154 	BH1640 	Y
ids.tab	BG11373	BG11373 	NA	RBAM_016760 	NT03BL2013 	BPUM_1596 	BA_0959 BA_3917 	BC_3781 	NT02BT1451 NT02BT3766 	BcerKBAB4_0854 BcerKBAB4_1338 BcerKBAB4_3552 	NT03BC2520 	BH2386 	
ids.tab	BG11383	BG10305 BG11383 BG12660 	Bmo1229 Bmo1579 	RBAM_022680 	NT03BL2771 	BPUM_2167 	BA_4409 	BC_4184 	NT02BT4179 	BcerKBAB4_4037 	NT03BC2804 	BH2788 	Y
ids.tab	BG11384	BG11384 	Bmo1230 	RBAM_022670 	NT03BL2770 	BPUM_2166 	BA_4408 	BC_4183 	NT02BT4178 	BcerKBAB4_4036 	NT03BC2803 	BH2787 	Y
ids.tab	BG11404	BG11404 	Bmo3279 	RBAM_017180 	NT03BL2069 	BPUM_1629 	NA	BC_1354 	NT02BT1388 	BcerKBAB4_1268 BcerKBAB4_1269 	NT03BC3521 	BH0501 BH2810 	
ids.tab	BG11405	BG11405 BG13725 	Bmo3278 	RBAM_017190 	NT03BL2070 	BPUM_1630 	BA_1372 	BC_1355 	NT02BT1389 	BcerKBAB4_1270 	NT03BC3522 	BH0502 	Y
ids.tab	BG11408	BG11408 	NA	RBAM_001560 	NT03BL0144 	BPUM_0117 	BA_0125 	BC_0146 	NT02BT0151 	BcerKBAB4_0120 	NT03BC0202 	BH0149 	
ids.tab	BG11409	BG11409 	NA	RBAM_001570 	NT03BL0145 	BPUM_0118 	BA_0126 	BC_0147 	NT02BT0152 	BcerKBAB4_0121 	NT03BC0203 	BH0150 	
ids.tab	BG11426	BG11426 BG13722 	Bmo3280 	RBAM_017170 	NT03BL2068 	BPUM_1628 	BA_1369 	BC_1353 	NT02BT1386 	BcerKBAB4_1267 	NT03BC3520 	NA	
ids.tab	BG11443	BG11443 	Bmo2836 	RBAM_021000 	NT03BL2571 	BPUM_2015 	BA_1525 BA_1595 BA_4524 	BC_1504 BC_4297 	NT02BT1538 NT02BT4294 	BcerKBAB4_1428 	NT03BC2152 	BH1638 	Y
ids.tab	BG11461	BG11461 	NA	RBAM_037390 	NT03BL4593 	BPUM_3688 	BA_5714 	BC_5462 	NT02BT5452 	BcerKBAB4_5258 	NT03BC4625 	BH4026 	
ids.tab	BG11535	BG10628 BG11155 BG11535 	Bmo1265 	RBAM_015740 	NT03BL0343 NT03BL1257 NT03BL1340 NT03BL1904 NT03BL2008 NT03BL2727 NT03BL2748 	BPUM_1490 BPUM_2854 	BA_0748 BA_1847 BA_2368 BA_3989 BA_4204 	BC_0770 BC_3849 	NT02BT1853 NT02BT3347 NT02BT3833 NT02BT4712 	BcerKBAB4_1893 BcerKBAB4_3674 	NT03BC1600 NT03BC2626 	BH2491 	Y
ids.tab	BG11536	BG11536 BG14186 	Bmo1266 	RBAM_015750 RBAM_016940 	NT03BL1905 	BPUM_1491 	BA_3988 	BC_3848 	NT02BT3832 	BcerKBAB4_3673 	NT03BC2625 	BH2490 	Y
ids.tab	BG11537	BG11537 	Bmo1267 	RBAM_015760 	NT03BL1906 NT03BL1907 	BPUM_1492 	BA_3987 	BC_3847 	NT02BT3831 	BcerKBAB4_3672 	NT03BC2624 	BH2489 	Y
ids.tab	BG11538	BG11538 	Bmo1268 Bmo2353 	RBAM_015770 	NT03BL1908 	BPUM_1493 BPUM_2281 	BA_3983 BA_3986 	BC_3843 BC_3846 BC_4477 	NT02BT3827 NT02BT3830 	BcerKBAB4_3671 	NT03BC2622 NT03BC3934 	BH2487 	Y
ids.tab	BG11539	BG11539 	Bmo1269 Bmo1314 	RBAM_015780 	NT03BL1909 NT03BL1953 	BPUM_1494 	BA_3985 	BC_3845 	NT02BT3829 	BcerKBAB4_3670 	NT03BC2619 NT03BC2621 	BH2486 	Y
ids.tab	BG11636	BG11636 	Bmo1100 	RBAM_023970 	NT03BL2929 	BPUM_2301 	BA_4562 	BC_4332 	NT02BT4329 	BcerKBAB4_4186 	NT03BC1885 	BH1323 	Y
ids.tab	BG11637	BG11637 	NA	RBAM_023950 	NT03BL2927 	BPUM_2299 	BA_4560 	BC_4330 	NT02BT4327 	BcerKBAB4_4184 	NT03BC1887 	BH1325 	
ids.tab	BG11638	BG11638 	Bmo1102 	RBAM_023940 	NT03BL2926 	BPUM_2298 	BA_4558 	BC_4329 	NT02BT4326 	BcerKBAB4_4183 	NT03BC1888 	BH1326 	Y
ids.tab	BG11642	BG11642 	Bmo1111 	RBAM_023860 	NT03BL2917 	BPUM_2289 	BA_4548 	BC_4321 BC_4649 	NT02BT4317 	BcerKBAB4_4174 	NT03BC1898 	BH1337 	Y
ids.tab	BG11643	BG11643 	Bmo1112 	RBAM_023850 	NT03BL2916 	BPUM_2288 	BA_4547 	BC_4320 	NT02BT4316 	BcerKBAB4_4173 	NT03BC1899 	BH1339 	Y
ids.tab	BG11648	BG11648 	Bmo1128 	RBAM_023710 	NA	BPUM_2274 	BA_4534 	BC_4307 	NT02BT4303 	BcerKBAB4_4160 	NT03BC1920 	BH1354 	
ids.tab	BG11657	BG11657 	Bmo1141 	RBAM_023570 	NT03BL2884 	BPUM_2259 	NA	NA	NA	NA	NT03BC1937 	BH1370 	
ids.tab	BG11658	BG11658 	Bmo1142 	RBAM_023560 	NT03BL2883 	BPUM_2258 	NA	NA	NA	NA	NT03BC1938 	BH1371 	
ids.tab	BG11662	BG11662 	Bmo1152 Bmo1986 	RBAM_023470 	NT03BL1262 NT03BL2862 NT03BL3518 	BPUM_2249 	BA_1167 BA_4511 	BC_1160 	NT02BT1207 NT02BT4283 	BcerKBAB4_1062 BcerKBAB4_4140 	NT03BC1891 NT03BC1948 	BH0077 BH1329 BH1382 	Y
ids.tab	BG11671	BG11671 	Bmo1159 	RBAM_023380 	NT03BL2850 	BPUM_2235 	BA_4502 	BC_4276 	NT02BT4274 	BcerKBAB4_4131 	NT03BC1963 	BH1401 	Y
ids.tab	BG11711	BG11711 	Bmo1233 	RBAM_022640 	NT03BL2767 	BPUM_2163 	BA_4405 	BC_4180 	NT02BT4175 	BcerKBAB4_4033 	NT03BC3830 	BH2784 	Y
ids.tab	BG11714	BG11714 	Bmo1236 	RBAM_022610 	NT03BL2558 NT03BL2764 	BPUM_2160 	BA_1535 BA_4402 	BC_4177 	NT02BT1548 NT02BT4172 	BcerKBAB4_4030 	NT03BC2798 	BH2781 	Y
ids.tab	BG11715	BG11715 	Bmo1237 	RBAM_022600 	NT03BL2762 	BPUM_2159 	BA_4400 	BC_4176 	NT02BT4171 	BcerKBAB4_4029 	NT03BC2797 	BH2779 	Y
ids.tab	BG11740	BG11740 	Bmo1598 	RBAM_010440 RBAM_022150 	NT03BL2715 	BPUM_2115 	BA_4364 	BC_4138 	NT02BT4138 	BcerKBAB4_3973 	NT03BC2346 	BH1713 	Y
ids.tab	BG11792	BG10809 BG11792 	Bmo2430 	RBAM_015260 	NT03BL1855 NT03BL2300 	BPUM_1442 	BA_2064 BA_4034 	BC_2048 BC_3895 	NT02BT2047 NT02BT3878 	BcerKBAB4_1914 BcerKBAB4_3722 	NT03BC2666 	BH2545 	Y
ids.tab	BG11802	BG11802 	NA	RBAM_009210 	NT03BL1008 	BPUM_0081 BPUM_0843 	BA_0547 	BC_0546 	NT02BT0567 	BcerKBAB4_0462 	NT03BC1686 	BH1023 	
ids.tab	BG11803	BG11803 	Bmo3171 	RBAM_017910 	NT03BL2165 	BPUM_1710 	BA_3656 	BC_3596 	NT02BT3586 	BcerKBAB4_0355 BcerKBAB4_3284 	NT03BC2274 	BH2139 	Y
ids.tab	BG11804	BG11804 BG13947 	Bmo3172 	RBAM_017900 	NT03BL2164 	BPUM_1709 	BA_3657 BA_5539 	BC_3597 BC_5298 	NT02BT3587 NT02BT5279 	BcerKBAB4_3285 BcerKBAB4_5095 	NT03BC2275 	BH2140 	Y
ids.tab	BG11813	BG11813 	Bmo2349 	RBAM_014270 	NT03BL1752 NT03BL4590 	BPUM_1349 	BA_1737 BA_4190 BA_5245 	BC_3977 	NT02BT3962 	BcerKBAB4_3804 	NT03BC2755 	BH2662 	Y
ids.tab	BG11826	BG11826 	Bmo1434 Bmo3138 	RBAM_017880 	NT03BL2161 NT03BL3387 	BPUM_0421 BPUM_1707 	BA_3665 	BC_3604 	NT02BT3593 	BcerKBAB4_3291 	NT03BC2153 	BH1639 	Y
ids.tab	BG11836	BG10865 BG11836 	Bmo1264 	RBAM_015730 	NT03BL1903 	BPUM_1489 	BA_3990 	BC_3850 	NT02BT3834 	BcerKBAB4_3675 	NT03BC2627 	BH2492 	Y
ids.tab	BG11840	BG11840 	NA	RBAM_027570 	NT03BL3385 	BPUM_2686 	BA_5017 	BC_4761 	NT02BT4768 	BcerKBAB4_4594 	NT03BC3266 	BH3300 	
ids.tab	BG11843	BG11843 	Bmo1263 	RBAM_015720 	NT03BL1902 	BPUM_1488 	BA_3991 	BC_3851 	NT02BT3835 	BcerKBAB4_3676 	NT03BC2628 	BH2493 	Y
ids.tab	BG11932	BG11932 	Bmo1426 	RBAM_004900 	NT03BL0563 	BPUM_0427 	BA_2610 	BC_0257 	NT02BT0266 	BcerKBAB4_0223 	NT03BC3297 	BH1621 	Y
ids.tab	BG11937	BG11937 	Bmo1247 Bmo2205 	RBAM_006930 RBAM_012920 RBAM_015560 	NT03BL1887 	BPUM_1472 	BA_0297 BA_4004 	BC_0332 BC_3864 	NT02BT0350 NT02BT3848 	BcerKBAB4_0278 BcerKBAB4_3689 	NT03BC2641 NT03BC3163 	BH2508 	Y
ids.tab	BG11939	BG10441 BG11939 	Bmo1118 	RBAM_001370 	NT03BL0132 NT03BL1779 	BPUM_0098 	BA_0107 	BC_0128 	NT02BT0133 	BcerKBAB4_0102 	NT03BC0184 	BH0131 BH1400 	Y
ids.tab	BG11944	BG11944 	Bmo743 	RBAM_025930 	NT03BL3225 	NA	BA_4819 	BC_4575 	NT02BT4568 	BcerKBAB4_4406 	NT03BC3061 	BH3140 	
ids.tab	BG11955	BG10294 BG11955 	Bmo600 	RBAM_033920 	NT03BL4162 	BPUM_3321 	BA_5529 	BC_5288 	NT02BT5269 	BcerKBAB4_5085 	NT03BC4351 	BH1667 BH3749 	Y
ids.tab	BG11963	BG10118 BG11963 	Bmo1246 Bmo2606 	RBAM_000640 RBAM_015540 	NT03BL0070 NT03BL1885 	BPUM_0039 BPUM_1470 	BA_4006 BA_5703 	BC_3866 	NT02BT3850 	BcerKBAB4_3691 	NT03BC2642 	BH2509 	Y
ids.tab	BG11964	BG11964 	Bmo2726 	RBAM_025460 	NT03BL3171 	BPUM_2493 	BA_4717 	BC_4496 	NT02BT0891 NT02BT4480 NT02BT4752 	BcerKBAB4_4328 	NT03BC3026 	BH3071 	Y
ids.tab	BG11970	BG11970 	NA	RBAM_001740 	NA	BPUM_0136 	BA_0143 	BC_0164 	NT02BT0169 	BcerKBAB4_0138 	NT03BC0219 	BH0168 	
ids.tab	BG11971	BG11971 	Bmo742 	RBAM_025910 	NT03BL3223 	BPUM_2530 	BA_4817 	BC_4573 	NT02BT4566 	BcerKBAB4_4404 	NT03BC3059 	BH3138 	Y
ids.tab	BG11972	BG11972 	NA	RBAM_025920 	NT03BL3224 	BPUM_2531 	BA_4818 	BC_4574 	NT02BT4567 	BcerKBAB4_4405 	NT03BC3060 	BH3139 	
ids.tab	BG12084	BG12084 	Bmo1425 	RBAM_004910 	NT03BL0564 	BPUM_0428 	BA_0246 	BC_0258 	NT02BT0267 	BcerKBAB4_0224 	NT03BC2684 	BH2570 	Y
ids.tab	BG12089	BG12089 	NA	RBAM_004960 	NA	BPUM_0435 	BA_0250 	BC_0262 	NT02BT0271 	BcerKBAB4_0228 	NT03BC0917 	BH0518 	
ids.tab	BG12199-BG14007-BG14010-BG11205	BG10405 BG10980 BG11205 BG12199 BG12363 BG12386 BG13587 BG13973 BG14006 BG14007 BG14010 BG14103 	Bmo113 Bmo118 Bmo130 Bmo1563 Bmo172 Bmo1897 Bmo197 Bmo199 Bmo200 Bmo218 Bmo239 Bmo2447 Bmo251 Bmo283 Bmo480 Bmo481 Bmo487 Bmo564 Bmo567 Bmo592 Bmo63 Bmo65 	RBAM_000120 RBAM_006360 RBAM_008180 RBAM_019490 RBAM_022480 RBAM_029070 RBAM_029750 RBAM_029780 RBAM_030650 RBAM_032470 RBAM_032840 RBAM_032850 RBAM_034640 RBAM_037400 	NT03BL0637 NT03BL2289 NT03BL3099 NT03BL3463 NT03BL3584 NT03BL3598 NT03BL3652 NT03BL3655 NT03BL3751 NT03BL3984 NT03BL3994 NT03BL4009 NT03BL4050 NT03BL4052 NT03BL4153 	BPUM_0522 BPUM_1939 BPUM_2280 BPUM_2923 BPUM_2926 BPUM_3008 BPUM_3181 BPUM_3221 BPUM_3233 	BA_0258 BA_0758 BA_1312 BA_1646 BA_4739 BA_5213 BA_5216 BA_5452 BA_5511 	BC_0286 BC_0779 BC_1618 BC_3569 BC_4724 BC_4979 BC_4982 	NT02BT0295 NT02BT0808 NT02BT0968 NT02BT2125 NT02BT4977 NT02BT4980 	BcerKBAB4_0236 BcerKBAB4_0672 BcerKBAB4_1976 BcerKBAB4_4801 BcerKBAB4_4804 	NT03BC0439 NT03BC1005 NT03BC1753 NT03BC1812 NT03BC3334 NT03BC3370 NT03BC3373 NT03BC3804 NT03BC3920 NT03BC4457 	BH0049 BH0545 BH0806 BH1737 BH1941 BH3125 BH3467 BH3470 BH3592 BH3660 	Y
ids.tab	BG12200	BG12200 	Bmo38 	RBAM_006370 	NT03BL0638 	BPUM_0523 	BA_0259 	BC_0287 	NT02BT0296 	BcerKBAB4_0237 BcerKBAB4_0239 	NT03BC1006 	BH0546 BH0548 	Y
ids.tab	BG12202	BG12202 	Bmo37 Bmo38 	RBAM_006390 	NT03BL0640 	BPUM_0525 	BA_0261 	BC_0289 	NT02BT0298 	BcerKBAB4_0239 	NT03BC1008 	BH0548 	Y
ids.tab	BG12344	BG12344 	NA	RBAM_028730 	NT03BL3549 	BPUM_2834 	NA	NA	NA	NA	NT03BC0903 NT03BC1877 	BH1314 	
ids.tab	BG12345	BG12345 	Bmo95 	RBAM_028710 	NT03BL3547 	BPUM_2832 	NA	BC_5292 	NA	NA	NT03BC0901 	BH1316 	
ids.tab	BG12355	BG12355 	Bmo94 	RBAM_028680 	NT03BL3544 NT03BL3547 	BPUM_2829 BPUM_2832 	BA_5534 	BC_5293 	NT02BT5274 	BcerKBAB4_5090 	NT03BC0898 	BH1319 	Y
ids.tab	BG12356	BG12356 	NA	RBAM_028690 	NT03BL3545 	BPUM_2830 	NA	NA	NA	NA	NT03BC0899 NT03BC1881 	BH1318 	
ids.tab	BG12357	BG12357 	NA	RBAM_028700 	NT03BL3546 	BPUM_2831 	NA	NA	NA	NA	NT03BC0900 NT03BC1880 	BH1317 	
ids.tab	BG12391	BG12391 	Bmo139 	RBAM_029160 	NT03BL2983 NT03BL3593 	BPUM_2873 	BA_5160 	BC_4926 	NT02BT4928 	BcerKBAB4_4748 	NT03BC3316 	BH3408 	Y
ids.tab	BG12398	BG12398 	Bmo391 	RBAM_032010 	NT03BL3962 	BPUM_3117 	BA_5387 	BC_5159 	NT02BT5132 	BcerKBAB4_4951 	NT03BC3442 	BH3571 	Y
ids.tab	BG12557	BG12557 	Bmo775 	RBAM_026250 	NT03BL3259 	BPUM_1125 BPUM_2563 	BA_4845 	BC_4601 	NT02BT4592 	BcerKBAB4_0894 BcerKBAB4_4430 	NT03BC2931 NT03BC3096 	BH2957 BH3165 	Y
ids.tab	BG12563	BG12563 	Bmo1012 	RBAM_024510 	NT03BL3047 	BPUM_2380 	BA_1720 BA_4616 	BC_4383 	NT02BT4381 	BcerKBAB4_4235 	NT03BC1832 	BH1267 	Y
ids.tab	BG12575	BG10569 BG12575 	Bmo3346 	RBAM_016380 RBAM_035580 	NT03BL1967 	BPUM_1553 	BA_3960 	BC_3820 	NT02BT3804 	BcerKBAB4_3645 	NT03BC2557 	BH2422 	Y
ids.tab	BG12583	BG12583 	Bmo778 	RBAM_026280 	NT03BL3262 	BPUM_2566 	BA_4849 	BC_3816 BC_4605 	NT02BT4596 	BcerKBAB4_3640 BcerKBAB4_4434 	NT03BC3100 	BH3169 	Y
ids.tab	BG12587	BG12587 	Bmo3348 	RBAM_016360 	NT03BL1965 	BPUM_1551 	BA_3962 	BC_3822 	NT02BT3806 	BcerKBAB4_3647 	NT03BC2560 	BH2424 	Y
ids.tab	BG12605	BG12605 	Bmo1001 	RBAM_016410 RBAM_024670 	NT03BL3061 	NA	BA_0396 BA_4633 	BC_4398 	NT02BT0457 NT02BT4396 	BcerKBAB4_4250 	NT03BC1810 	BH1251 	
ids.tab	BG12644	BG12644 	Bmo774 	RBAM_026240 	NT03BL3258 	BPUM_2562 	BA_4844 	BC_4600 	NT02BT4591 	BcerKBAB4_4429 	NT03BC3095 NT03BC3964 	BH3164 	Y
ids.tab	BG12659	BG12659 	Bmo3343 Bmo670 	RBAM_016410 RBAM_024670 	NT03BL1970 NT03BL3233 	BPUM_1556 	BA_1424 BA_3957 BA_4633 	BC_1404 BC_3817 BC_4398 	NT02BT1439 NT02BT3801 NT02BT4396 	BcerKBAB4_1326 BcerKBAB4_3642 	NT03BC2554 	BH2419 BH2934 	Y
ids.tab	BG12667	BG12667 	Bmo1277 Bmo1670 	RBAM_015870 	NA	BPUM_1502 	BA_3978 	BC_3838 	NT02BT3822 	BcerKBAB4_3663 	NT03BC2612 	BH2478 	
ids.tab	BG12668	BG12668 	NA	RBAM_014940 	NA	BPUM_1401 	BA_4062 	BC_3923 	NT02BT3906 	BcerKBAB4_3750 	NA	BH2583 	
ids.tab	BG12684	BG12684 	Bmo458 Bmo842 	RBAM_020250 RBAM_027090 RBAM_032680 	NT03BL4031 	BPUM_3202 	BA_5435 	BC_5203 	NT02BT5178 	BcerKBAB4_4995 	NT03BC3583 	NA	
ids.tab	BG12687	BG12687 	Bmo1276 	RBAM_015860 	NT03BL1916 	BPUM_1501 	BA_3979 	BC_3839 	NT02BT3823 	BcerKBAB4_3664 	NT03BC2614 	BH2479 	Y
ids.tab	BG12704	BG12704 	NA	RBAM_002300 	NT03BL0192 	BPUM_0164 	BA_0157 	BC_0188 	NT02BT0195 	BcerKBAB4_0151 	NT03BC0295 	BH0267 	
ids.tab	BG12787	BG12627 BG12787 	NA	NA	NT03BL3158 	BPUM_0656 	NA	BC_0941 	NT02BT0979 NT02BT0980 NT02BTA0066 	NA	NA	NA	
ids.tab	BG12788	BG12788 	NA	NA	NA	BPUM_0561 BPUM_0656 	BA_3814 	BC_0941 	NT02BT0979 	BcerKBAB4_0816 BcerKBAB4_3450 	NT03BC3232 	BH3508 	
ids.tab	BG12834	BG12834 	Bmo1953 Bmo2476 	RBAM_007010 	NT03BL0748 	BPUM_0625 BPUM_0994 	BA_0305 BA_2814 	BC_0340 	NT02BT0357 	BcerKBAB4_0286 	NT03BC1251 NT03BC1615 NT03BC2943 	BH0648 BH2980 	Y
ids.tab	BG12835	BG12835 	Bmo2477 	RBAM_007020 	NT03BL0749 	BPUM_0626 	BA_0306 	BC_0341 	NT02BT0358 	BcerKBAB4_0287 	NT03BC1252 	BH0649 	Y
ids.tab	BG12838	BG12838 	Bmo2483 	RBAM_007070 	NT03BL0763 	BPUM_0644 	BA_0320 	BC_0350 	NT02BT0371 	BcerKBAB4_0300 	NT03BC1262 	BH0665 	Y
ids.tab	BG12839	BG12020 BG12839 	Bmo2484 	RBAM_007080 	NT03BL0764 	BPUM_0645 	BA_0321 BA_1692 BA_3232 BA_3578 BA_4794 BA_5517 	BC_0351 BC_1655 BC_1922 	NT02BT0372 NT02BT1701 NT02BT3511 	BcerKBAB4_0301 	NT03BC1263 NT03BC2514 	BH0666 BH3106 	Y
ids.tab	BG12840	BG12840 	Bmo2485 	RBAM_007090 	NT03BL0765 	BPUM_0646 BPUM_1587 	BA_0322 	BC_0352 	NT02BT0373 	BcerKBAB4_0302 BcerKBAB4_5229 	NT03BC1264 	BH0667 	Y
ids.tab	BG12843	BG10258 BG10354 BG11585 BG11943 BG12843 BG12852 BG13866 	Bmo1308 Bmo1775 Bmo1831 Bmo2488 Bmo2521 Bmo747 Bmo767 Bmo804 Bmo853 Bmo880 Bmo887 Bmo907 Bmo919 	RBAM_006270 RBAM_007120 RBAM_011220 RBAM_026220 RBAM_027680 	NT03BL0775 NT03BL3334 NT03BL3399 	BPUM_0650 BPUM_0825 BPUM_2560 BPUM_2641 BPUM_2705 	BA_0323 BA_0614 BA_3768 BA_4074 BA_4341 BA_5047 	BC_0353 BC_2599 BC_4119 BC_4789 	NT02BT0374 NT02BT4109 NT02BT4791 	BcerKBAB4_0303 BcerKBAB4_3951 BcerKBAB4_4626 	NT03BC1265 NT03BC1413 NT03BC3306 	BH0485 BH0676 BH0965 BH2288 BH3162 BH3353 BH3934 	Y
ids.tab	BG13018	BG13018 	Bmo1853 	RBAM_009750 	NT03BL1077 	BPUM_0901 	BA_1112 BA_3323 	BC_1113 	NT02BT0206 NT02BT1156 NT02BT3244 NT02BT4615 	BcerKBAB4_3068 BcerKBAB4_4445 	NA	NA	
ids.tab	BG13021	BG11618 BG13021 	Bmo1855 Bmo2937 	RBAM_009770 RBAM_019950 	NT03BL1081 NT03BL2451 	BPUM_0903 	BA_0213 BA_2240 	BC_0228 BC_2195 	NT02BT0238 NT02BT2198 	BcerKBAB4_0192 BcerKBAB4_2065 	NT03BC2149 	BH1635 	Y
ids.tab	BG13128	BG13128 	Bmo2012 	RBAM_011340 	NT03BL1290 	BPUM_1058 	BA_1185 	BC_1174 	NT02BT1222 	BcerKBAB4_1083 	NT03BC2901 	BH2882 	Y
ids.tab	BG13301	BG13301 	Bmo2313 	RBAM_007520 RBAM_013950 	NT03BL1713 	BPUM_1315 	BA_4194 	BC_1212 BC_3981 	NT02BT3534 NT02BT3966 	BcerKBAB4_3808 BcerKBAB4_4740 BcerKBAB4_4953 	NT03BC2763 	BH2669 	Y
ids.tab	BG13302	BG13302 	Bmo2314 	RBAM_013960 	NT03BL1714 	BPUM_1316 	BA_4193 	BC_3980 	NT02BT3189 NT02BT3965 	BcerKBAB4_3807 	NT03BC2761 	BH2668 	Y
ids.tab	BG13351	BG13351 	Bmo2376 	RBAM_014700 	NT03BL1788 	BPUM_1375 	BA_4159 	BC_3949 	NT02BT3932 	BcerKBAB4_3775 	NT03BC2722 	BH2626 	Y
ids.tab	BG13352-BG10588	BG10588 BG13352 	Bmo2377 	RBAM_014710 RBAM_033700 RBAM_035370 	NT03BL0680 NT03BL1790 NT03BL4270 	BPUM_1376 BPUM_2729 BPUM_3459 	BA_4158 BA_4381 	BC_3948 BC_4155 	NT02BT3931 NT02BT4153 	BcerKBAB4_1113 BcerKBAB4_3774 BcerKBAB4_4000 	NT03BC4325 	BH3275 	Y
ids.tab	BG13386	BG13386 	Bmo1243 	RBAM_015510 	NT03BL1882 	BPUM_1467 	BA_4009 	BC_3869 	NT02BT3853 	BcerKBAB4_3694 	NT03BC2645 	BH2512 	Y
ids.tab	BG13392	BG13392 	Bmo1253 	RBAM_015610 	NT03BL1892 	BPUM_1477 	BA_3999 	BC_3859 	NT02BT3843 	BcerKBAB4_2631 BcerKBAB4_3684 	NT03BC2637 	BH2503 	Y
ids.tab	BG13405	BG13405 	Bmo1278 	RBAM_015880 	NT03BL1917 	BPUM_1503 	BA_3976 	BC_3836 	NT02BT3820 	BcerKBAB4_3661 	NT03BC2608 	BH2476 	Y
ids.tab	BG13409	BG13409 	Bmo3345 	RBAM_016390 	NT03BL1968 	BPUM_1554 	BA_3959 	BC_3819 	NT02BT3803 	BcerKBAB4_3644 	NT03BC2556 	BH2421 	Y
ids.tab	BG13420	BG13420 	Bmo3306 	RBAM_016800 RBAM_035600 	NT03BL2017 	BPUM_1599 BPUM_3330 BPUM_3658 	BA_0502 BA_3914 BA_4779 BA_5061 	BC_1265 BC_3778 	NT02BT0214 NT02BT0502 NT02BT1316 NT02BT3201 NT02BT3762 NT02BT4089 NT02BT4535 	BcerKBAB4_3549 BcerKBAB4_3930 BcerKBAB4_4367 	NT03BC2512 	BH2378 BH3145 	Y
ids.tab	BG13787	BG13787 	Bmo1007 	RBAM_024610 	NT03BL3054 	BPUM_2391 	BA_3770 BA_4625 	BC_4391 	NT02BT4389 	BcerKBAB4_4243 	NT03BC1823 	BH1261 	Y
ids.tab	BG13809	BG13809 	Bmo1006 	RBAM_024620 	NT03BL3055 	BPUM_2392 	BA_2412 BA_4626 BA_4663 	BC_2399 BC_4392 	NT02BT2356 NT02BT4390 	BcerKBAB4_2275 BcerKBAB4_4244 BcerKBAB4_4277 	NT03BC1822 	BH1260 	Y
ids.tab	BG13824	BG13824 	Bmo760 	RBAM_026100 	NT03BL3243 	BPUM_2548 	BA_4828 	BC_4584 	NT02BT4576 	BcerKBAB4_4414 	NT03BC3079 	BH1275 BH3150 	Y
ids.tab	BG13847	BG13847 	Bmo2195 Bmo2788 Bmo916 Bmo935 	RBAM_027760 	NT03BL3409 	BPUM_2714 	BA_5107 	NA	NT02BT4849 	BcerKBAB4_4693 	NA	NA	
ids.tab	BG13926	BG11733 BG13926 	Bmo1589 Bmo1590 Bmo776 	RBAM_026260 	NT03BL3260 	BPUM_2563 BPUM_2564 	BA_4846 	BC_4601 BC_4602 	NT02BT4593 	BcerKBAB4_4431 	NT03BC3096 NT03BC3097 	BH3165 BH3166 	Y
ids.tab	BG13966	BG13966 	Bmo104 	RBAM_028830 	NT03BL3563 	BPUM_2844 	BA_0596 BA_4939 	BC_0597 BC_4685 	NT02BT0617 NT02BT4685 	BcerKBAB4_0511 BcerKBAB4_4519 	NT03BC4481 	BH3249 	Y
ids.tab	BG14008	BG14008 	Bmo198 	RBAM_029760 	NT03BL2073 NT03BL3653 	BPUM_2924 	BA_5214 	BC_4980 	NT02BT4978 	BcerKBAB4_4802 	NT03BC3371 	BH0369 BH3468 	Y
ids.tab	BG14009	BG11510 BG14009 	NA	RBAM_029770 RBAM_031210 	NT03BL3654 	BPUM_2925 	BA_5215 	BC_4981 	NT02BT4979 	BcerKBAB4_4803 	NT03BC3372 	BH2814 BH3469 	
ids.tab	BG14011	BG14011 	Bmo201 	RBAM_029790 	NT03BL3656 	BPUM_2927 	BA_5217 	BC_4983 	NT02BT4981 	BcerKBAB4_4805 	NT03BC2256 NT03BC3374 	BH3471 	Y
ids.tab	BG14048	BG14048 	Bmo142 	RBAM_029280 	NT03BL3597 	BPUM_2877 	BA_5170 	BC_4936 	NT02BT4936 	BcerKBAB4_4756 	NT03BC3326 	BH3412 	Y
ids.tab	BG14180	BG14180 	Bmo1599 	RBAM_022140 RBAM_023220 	NT03BL2714 	BPUM_2220 BPUM_3310 	BA_4490 BA_4570 	BC_4263 BC_4339 	NT02BT4260 NT02BT4337 	BcerKBAB4_4119 	NA	BH0116 	
ids.tab	BG19004	BG19004 	Bmo3351 	RBAM_016330 	NT03BL1962 	NA	BA_3965 	BC_3825 	NT02BT3809 	BcerKBAB4_3650 	NT03BC2563 	BH2427 	
ids.tab	BG19005	BG19005 	NA	RBAM_001470 	NT03BL0138 	BPUM_0108 	BA_0116 	BC_0137 	NT02BT0142 	BcerKBAB4_0111 	NT03BC0193 	BH0140 	
ids.tab	BG19006	BG19006 	NA	RBAM_001360 	NT03BL0131 	BPUM_0097 	BA_0106 	BC_0126 	NT02BT0132 	BcerKBAB4_0101 	NT03BC0183 	BH0130 	
ids.tab	BG19007	BG19007 	NA	RBAM_001750 	NA	BPUM_0137 	BA_0144 	BC_0165 	NT02BT0170 	BcerKBAB4_0139 	NT03BC0220 	BH0169 	
ids.tab	BG19008	BG19008 	NA	RBAM_001400 	NA	BPUM_0101 	BA_0109 	BC_0130 	NT02BT0135 	BcerKBAB4_0104 	NT03BC0186 	BH0133 	
ids.tab	BG19009	BG19009 	NA	RBAM_001350 	NA	BPUM_0096 	BA_0105 	BC_0125 	NT02BT0131 	BcerKBAB4_0100 	NT03BC0182 	BH0129 	
ids.tab	BG19010	BG19010 	Bmo3333 	RBAM_016520 	NA	BPUM_1571 	BA_3945 	BC_3806 	NA	BcerKBAB4_3630 	NT03BC2543 	BH2408 	
ids.tab	BG19011	BG19011 	NA	RBAM_001450 	NA	BPUM_0106 	BA_0114 	BC_0135 	NT02BT0140 	BcerKBAB4_0109 	NT03BC0191 	BH0138 	
ids.tab	BG19025	BG19025 	Bmo3350 	RBAM_016340 	NT03BL1963 	BPUM_1549 	BA_3964 	BC_3824 	NT02BT3808 	BcerKBAB4_3649 	NT03BC2562 	BH2426 	Y
