NT02BT3501	NT02BT3501	NT02BT3501_Bth
BAM_035760	RBAM_035760	RBAM_035760_Bam
KBAB4_0273	BcerKBAB4_0273	BcerKBAB4_0273_Bwe
NT02BT0456	NT02BT0456	NT02BT0456_Bth
BG12823xxx	BG12823	BG12823_Bsu
Bmo2538xxx	Bmo2538	Bmo2538_Bmo
Bmo2550xxx	Bmo2550	Bmo2550_Bmo
Bmo2536xxx	Bmo2536	Bmo2536_Bmo
BAM_007560	RBAM_007560	RBAM_007560_Bam
NT03BL0899	NT03BL0899	NT03BL0899_Bli
BAM_006870	RBAM_006870	RBAM_006870_Bam
NT02BT0851	NT02BT0851	NT02BT0851_Bth
BC_0326xxx	BC_0326	BC_0326_Bce
NT02BT0345	NT02BT0345	NT02BT0345_Bth
BG11799xxx	BG11799	BG11799_Bsu
BAM_007240	RBAM_007240	RBAM_007240_Bam
BAM_026190	RBAM_026190	RBAM_026190_Bam
BPUM_3503x	BPUM_3503	BPUM_3503_Bpu
BH0627xxxx	BH0627	BH0627_Bha
NT03BL1213	NT03BL1213	NT03BL1213_Bli
BA_0292xxx	BA_0292	BA_0292_Ban
BC_0823xxx	BC_0823	BC_0823_Bce
BPUM_1683x	BPUM_1683	BPUM_1683_Bpu
BG10703xxx	BG10703	BG10703_Bsu
NT03BL0730	NT03BL0730	NT03BL0730_Bli
KBAB4_0718	BcerKBAB4_0718	BcerKBAB4_0718_Bwe
Bmo2105xxx	Bmo2105	Bmo2105_Bmo
BA_0291xxx	BA_0291	BA_0291_Ban
BG11350xxx	BG11350	BG11350_Bsu
BG11839xxx	BG11839	BG11839_Bsu
BA_0805xxx	BA_0805	BA_0805_Ban
BPUM_0680x	BPUM_0680	BPUM_0680_Bpu
Bmo1732xxx	Bmo1732	Bmo1732_Bmo
BG10704xxx	BG10704	BG10704_Bsu
Bmo2552xxx	Bmo2552	Bmo2552_Bmo
BPUM_0600x	BPUM_0600	BPUM_0600_Bpu
BPUM_2141x	BPUM_2141	BPUM_2141_Bpu
NT03BC1187	NT03BC1187	NT03BC1187_Bcl
BAM_006880	RBAM_006880	RBAM_006880_Bam
BG12977xxx	BG12977	BG12977_Bsu
BC_0327xxx	BC_0327	BC_0327_Bce
BAM_007540	RBAM_007540	RBAM_007540_Bam
Bmo2499xxx	Bmo2499	Bmo2499_Bmo
